[
  {
    "Demand":  "Firm",
    "Nov Actuals": null,
    "Dec Plan": "10",
    "Dec LE FHM": "20",
    "Dec Prior PA": "30",
    "Dec MTD": "40",
    "Dec Est": "50",
    "Dec VP": "60",
    "Dec Var LE FHM": "70",
    "Dec Var Prior PA": "80",
    "Jan Plan": "20",
    "Jan LE FHM": "30",
    "Jan Prior PA": "40",
    "Jan MTD": "50",
    "Jan Est": "60",
    "Jan VP": "70",
    "Jan Var LE FHM": "80",
    "Jan Var Prior PA": "90",
    "Comments": "Firm comments"
  },
  {
    "Demand": "Forecast",
    "Dec Plan": "10",
    "Dec LE FHM": "20",
    "Dec Prior PA": "30",
    "Dec MTD": "40",
    "Dec Est": "50",
    "Dec VP": "60",
    "Dec Var LE FHM": "70",
    "Dec Var Prior PA": "80",
    "Jan Actuals": null,
    "Jan Plan": "20",
    "Jan LE FHM": "30",
    "Jan Prior PA": "40",
    "Jan MTD": "50",
    "Jan Est": "60",
    "Jan VP": "70",
    "Jan Var LE FHM": "80",
    "Jan Var Prior PA": "90",
    "Comments": "Forecast comments"
  },
  {
    "Demand": "Total Demand",
    "Dec Plan": "10",
    "Dec LE FHM": "20",
    "Dec Prior PA": "30",
    "Dec MTD": "40",
    "Dec Est": "50",
    "Dec VP": "60",
    "Dec Var LE FHM": "70",
    "Dec Var Prior PA": "80",
    "Jan Actuals": null,
    "Jan Plan": "20",
    "Jan LE FHM": "30",
    "Jan Prior PA": "40",
    "Jan MTD": "50",
    "Jan Est": "60",
    "Jan VP": "70",
    "Jan Var LE FHM": "80",
    "Jan Var Prior PA": "90",
    "Comments": "Total Demand comments"
  }
]