[
  {
    "Leading Indicators":  "Aged QN",
    "Nov Actuals": null,
    "Dec Plan": "10",
    "Dec LE FHM": "20",
    "Dec Prior PA": "30",
    "Dec MTD": "40",
    "Dec Est": "50",
    "Dec VP": "60",
    "Dec Var LE FHM": "70",
    "Dec Var Prior PA": "80",
    "Jan Plan": "20",
    "Jan LE FHM": "30",
    "Jan Prior PA": "40",
    "Jan MTD": "50",
    "Jan Est": "60",
    "Jan VP": "70",
    "Jan Var LE FHM": "80",
    "Jan Var Prior PA": "90",
    "Comments": "Aged comments"
  },
  {
    "Leading Indicators": "Demand Stability %",
    "Dec Plan": "10",
    "Dec LE FHM": "20",
    "Dec Prior PA": "30",
    "Dec MTD": "40",
    "Dec Est": "50",
    "Dec VP": "60",
    "Dec Var LE FHM": "70",
    "Dec Var Prior PA": "80",
    "Jan Actuals": null,
    "Jan Plan": "20",
    "Jan LE FHM": "30",
    "Jan Prior PA": "40",
    "Jan MTD": "50",
    "Jan Est": "60",
    "Jan VP": "70",
    "Jan Var LE FHM": "80",
    "Jan Var Prior PA": "90",
    "Comments": "Demand comments"
  },
  {
    "Leading Indicators": "Schedule Adherence (MPS)",
    "Dec Plan": "10",
    "Dec LE FHM": "20",
    "Dec Prior PA": "30",
    "Dec MTD": "40",
    "Dec Est": "50",
    "Dec VP": "60",
    "Dec Var LE FHM": "70",
    "Dec Var Prior PA": "80",
    "Jan Actuals": null,
    "Jan Plan": "20",
    "Jan LE FHM": "30",
    "Jan Prior PA": "40",
    "Jan MTD": "50",
    "Jan Est": "60",
    "Jan VP": "70",
    "Jan Var LE FHM": "80",
    "Jan Var Prior PA": "90",
    "Comments": "Schedule comments"
  },
  {
    "Leading Indicators": "Clear-to-build % (Material availability)",
    "Dec Plan": "10",
    "Dec LE FHM": "20",
    "Dec Prior PA": "30",
    "Dec MTD": "40",
    "Dec Est": "50",
    "Dec VP": "60",
    "Dec Var LE FHM": "70",
    "Dec Var Prior PA": "80",
    "Jan Actuals": null,
    "Jan Plan": "20",
    "Jan LE FHM": "30",
    "Jan Prior PA": "40",
    "Jan MTD": "50",
    "Jan Est": "60",
    "Jan VP": "70",
    "Jan Var LE FHM": "80",
    "Jan Var Prior PA": "90",
    "Comments": "Clear-to-build comments"
  },
  {
    "Leading Indicators": "Site Priority A - PFEP compliance",
    "Dec Plan": "10",
    "Dec LE FHM": "20",
    "Dec Prior PA": "30",
    "Dec MTD": "40",
    "Dec Est": "50",
    "Dec VP": "60",
    "Dec Var LE FHM": "70",
    "Dec Var Prior PA": "80",
    "Jan Actuals": null,
    "Jan Plan": "20",
    "Jan LE FHM": "30",
    "Jan Prior PA": "40",
    "Jan MTD": "50",
    "Jan Est": "60",
    "Jan VP": "70",
    "Jan Var LE FHM": "80",
    "Jan Var Prior PA": "90",
    "Comments": "Site Priority comments"
  },
  {
    "Leading Indicators": "MO released from Stores to Shop floor",
    "Dec Plan": "10",
    "Dec LE FHM": "20",
    "Dec Prior PA": "30",
    "Dec MTD": "40",
    "Dec Est": "50",
    "Dec VP": "60",
    "Dec Var LE FHM": "70",
    "Dec Var Prior PA": "80",
    "Jan Actuals": null,
    "Jan Plan": "20",
    "Jan LE FHM": "30",
    "Jan Prior PA": "40",
    "Jan MTD": "50",
    "Jan Est": "60",
    "Jan VP": "70",
    "Jan Var LE FHM": "80",
    "Jan Var Prior PA": "90",
    "Comments": "MO released comments"
  }
]